id_aluno,ano,id_municipio,id_uf,sigla_uf,proficiencia_saeb,alfabetizado
1,2021,1000001,11,RO,705.5,0
2,2021,1000001,11,RO,704.7,0
3,2021,1000001,11,RO,672.2,0
4,2021,1000001,11,RO,739.5,0
5,2021,1000001,11,RO,701.2,0
6,2021,1000001,11,RO,720.5,0
7,2022,1000001,11,RO,716.1,0
8,2022,1000001,11,RO,703.1,0
9,2022,1000001,11,RO,716.8,0
10,2022,1000001,11,RO,652.5,0
11,2022,1000001,11,RO,662.1,0
12,2022,1000001,11,RO,667.1,0
13,2022,1000001,11,RO,680.1,0
14,2022,1000001,11,RO,736.0,0
15,2023,1000001,11,RO,765.7,1
16,2023,1000001,11,RO,809.5,1
17,2023,1000001,11,RO,742.7,0
18,2023,1000001,11,RO,771.8,1
19,2023,1000001,11,RO,742.0,0
20,2023,1000001,11,RO,766.4,1
21,2023,1000001,11,RO,813.6,1
22,2023,1000001,11,RO,710.9,0
23,2023,1000001,11,RO,797.4,1
24,2023,1000001,11,RO,789.5,1
25,2023,1000001,11,RO,756.2,1
26,2021,1000002,11,RO,789.3,1
27,2021,1000002,11,RO,780.9,1
28,2021,1000002,11,RO,844.1,1
29,2021,1000002,11,RO,770.4,1
30,2021,1000002,11,RO,739.1,0
31,2021,1000002,11,RO,787.2,1
32,2021,1000002,11,RO,788.8,1
33,2021,1000002,11,RO,834.4,1
34,2021,1000002,11,RO,813.4,1
35,2021,1000002,11,RO,794.3,1
36,2022,1000002,11,RO,682.9,0
37,2022,1000002,11,RO,704.4,0
38,2022,1000002,11,RO,664.9,0
39,2022,1000002,11,RO,745.4,1
40,2022,1000002,11,RO,711.1,0
41,2022,1000002,11,RO,661.2,0
42,2023,1000002,11,RO,859.9,1
43,2023,1000002,11,RO,896.6,1
44,2023,1000002,11,RO,796.6,1
45,2023,1000002,11,RO,740.4,0
46,2023,1000002,11,RO,694.7,0
47,2021,1000003,11,RO,695.5,0
48,2021,1000003,11,RO,714.4,0
49,2021,1000003,11,RO,762.6,1
50,2021,1000003,11,RO,726.3,0
51,2021,1000003,11,RO,713.7,0
52,2021,1000003,11,RO,678.6,0
53,2021,1000003,11,RO,653.0,0
54,2021,1000003,11,RO,700.5,0
55,2022,1000003,11,RO,725.2,0
56,2022,1000003,11,RO,759.3,1
57,2022,1000003,11,RO,700.0,0
58,2022,1000003,11,RO,672.6,0
59,2022,1000003,11,RO,681.4,0
60,2022,1000003,11,RO,691.0,0
61,2022,1000003,11,RO,805.1,1
62,2022,1000003,11,RO,687.1,0
63,2022,1000003,11,RO,753.5,1
64,2022,1000003,11,RO,683.9,0
65,2023,1000003,11,RO,778.4,1
66,2023,1000003,11,RO,753.8,1
67,2023,1000003,11,RO,797.8,1
68,2023,1000003,11,RO,761.8,1
69,2023,1000003,11,RO,731.0,0
70,2023,1000003,11,RO,728.9,0
71,2023,1000003,11,RO,786.9,1
72,2023,1000003,11,RO,843.2,1
73,2021,1000004,12,AC,832.2,1
74,2021,1000004,12,AC,788.8,1
75,2021,1000004,12,AC,763.6,1
76,2021,1000004,12,AC,824.3,1
77,2021,1000004,12,AC,797.2,1
78,2021,1000004,12,AC,841.4,1
79,2021,1000004,12,AC,787.3,1
80,2021,1000004,12,AC,731.0,0
81,2022,1000004,12,AC,712.8,0
82,2022,1000004,12,AC,704.7,0
83,2022,1000004,12,AC,778.5,1
84,2022,1000004,12,AC,675.7,0
85,2022,1000004,12,AC,684.2,0
86,2022,1000004,12,AC,745.7,1
87,2022,1000004,12,AC,704.2,0
88,2022,1000004,12,AC,719.8,0
89,2022,1000004,12,AC,713.5,0
90,2022,1000004,12,AC,733.5,0
91,2023,1000004,12,AC,638.0,0
92,2023,1000004,12,AC,718.1,0
93,2023,1000004,12,AC,686.3,0
94,2023,1000004,12,AC,671.2,0
95,2023,1000004,12,AC,684.9,0
96,2023,1000004,12,AC,706.6,0
97,2023,1000004,12,AC,756.6,1
98,2023,1000004,12,AC,666.9,0
99,2023,1000004,12,AC,721.2,0
100,2021,1000005,12,AC,706.9,0
101,2021,1000005,12,AC,760.1,1
102,2021,1000005,12,AC,741.5,0
103,2021,1000005,12,AC,773.5,1
104,2021,1000005,12,AC,713.8,0
105,2021,1000005,12,AC,692.2,0
106,2021,1000005,12,AC,711.0,0
107,2022,1000005,12,AC,783.6,1
108,2022,1000005,12,AC,789.1,1
109,2022,1000005,12,AC,880.7,1
110,2022,1000005,12,AC,855.1,1
111,2022,1000005,12,AC,745.9,1
112,2023,1000005,12,AC,792.6,1
113,2023,1000005,12,AC,828.2,1
114,2023,1000005,12,AC,750.8,1
115,2023,1000005,12,AC,753.8,1
116,2023,1000005,12,AC,694.1,0
117,2023,1000005,12,AC,773.5,1
118,2023,1000005,12,AC,737.5,0
119,2023,1000005,12,AC,758.8,1
120,2023,1000005,12,AC,744.9,1
121,2023,1000005,12,AC,776.2,1
122,2021,1000006,12,AC,668.5,0
123,2021,1000006,12,AC,676.1,0
124,2021,1000006,12,AC,793.5,1
125,2021,1000006,12,AC,836.2,1
126,2021,1000006,12,AC,673.1,0
127,2021,1000006,12,AC,705.3,0
128,2022,1000006,12,AC,770.2,1
129,2022,1000006,12,AC,811.1,1
130,2022,1000006,12,AC,797.4,1
131,2022,1000006,12,AC,765.0,1
132,2022,1000006,12,AC,774.6,1
133,2022,1000006,12,AC,725.0,0
134,2022,1000006,12,AC,770.5,1
135,2023,1000006,12,AC,738.9,0
136,2023,1000006,12,AC,760.5,1
137,2023,1000006,12,AC,726.2,0
138,2023,1000006,12,AC,734.1,0
139,2023,1000006,12,AC,722.1,0
140,2021,1000007,13,AM,776.1,1
141,2021,1000007,13,AM,863.7,1
142,2021,1000007,13,AM,842.9,1
143,2021,1000007,13,AM,795.4,1
144,2021,1000007,13,AM,749.5,1
145,2022,1000007,13,AM,767.6,1
146,2022,1000007,13,AM,730.5,0
147,2022,1000007,13,AM,739.2,0
148,2022,1000007,13,AM,650.2,0
149,2022,1000007,13,AM,757.1,1
150,2023,1000007,13,AM,790.5,1
151,2023,1000007,13,AM,782.1,1
152,2023,1000007,13,AM,768.3,1
153,2023,1000007,13,AM,775.9,1
154,2023,1000007,13,AM,769.9,1
155,2023,1000007,13,AM,786.1,1
156,2023,1000007,13,AM,838.9,1
157,2023,1000007,13,AM,677.3,0
158,2023,1000007,13,AM,770.5,1
159,2023,1000007,13,AM,787.1,1
160,2021,1000008,13,AM,733.1,0
161,2021,1000008,13,AM,789.1,1
162,2021,1000008,13,AM,658.6,0
163,2021,1000008,13,AM,754.6,1
164,2021,1000008,13,AM,706.9,0
165,2021,1000008,13,AM,717.5,0
166,2021,1000008,13,AM,677.9,0
167,2021,1000008,13,AM,706.6,0
168,2022,1000008,13,AM,827.1,1
169,2022,1000008,13,AM,797.6,1
170,2022,1000008,13,AM,849.8,1
171,2022,1000008,13,AM,797.6,1
172,2022,1000008,13,AM,813.1,1
173,2022,1000008,13,AM,768.1,1
174,2022,1000008,13,AM,782.7,1
175,2022,1000008,13,AM,752.1,1
176,2023,1000008,13,AM,772.4,1
177,2023,1000008,13,AM,826.8,1
178,2023,1000008,13,AM,810.0,1
179,2023,1000008,13,AM,852.8,1
180,2023,1000008,13,AM,809.2,1
181,2023,1000008,13,AM,717.1,0
182,2023,1000008,13,AM,777.3,1
183,2023,1000008,13,AM,733.1,0
184,2023,1000008,13,AM,759.3,1
185,2021,1000009,13,AM,679.5,0
186,2021,1000009,13,AM,721.3,0
187,2021,1000009,13,AM,671.3,0
188,2021,1000009,13,AM,693.2,0
189,2021,1000009,13,AM,732.5,0
190,2021,1000009,13,AM,766.2,1
191,2021,1000009,13,AM,744.4,1
192,2021,1000009,13,AM,628.3,0
193,2021,1000009,13,AM,732.2,0
194,2021,1000009,13,AM,722.9,0
195,2022,1000009,13,AM,756.4,1
196,2022,1000009,13,AM,803.6,1
197,2022,1000009,13,AM,716.7,0
198,2022,1000009,13,AM,839.0,1
199,2022,1000009,13,AM,794.7,1
200,2022,1000009,13,AM,813.9,1
201,2022,1000009,13,AM,757.2,1
202,2022,1000009,13,AM,812.6,1
203,2022,1000009,13,AM,822.7,1
204,2023,1000009,13,AM,745.5,1
205,2023,1000009,13,AM,774.1,1
206,2023,1000009,13,AM,773.9,1
207,2023,1000009,13,AM,795.3,1
208,2023,1000009,13,AM,820.0,1
209,2023,1000009,13,AM,737.7,0
210,2021,1000010,14,RR,687.1,0
211,2021,1000010,14,RR,728.1,0
212,2021,1000010,14,RR,753.8,1
213,2021,1000010,14,RR,720.5,0
214,2021,1000010,14,RR,773.2,1
215,2021,1000010,14,RR,754.3,1
216,2021,1000010,14,RR,753.7,1
217,2021,1000010,14,RR,742.2,0
218,2022,1000010,14,RR,844.2,1
219,2022,1000010,14,RR,761.7,1
220,2022,1000010,14,RR,784.3,1
221,2022,1000010,14,RR,832.4,1
222,2022,1000010,14,RR,715.9,0
223,2023,1000010,14,RR,797.6,1
224,2023,1000010,14,RR,801.0,1
225,2023,1000010,14,RR,791.1,1
226,2023,1000010,14,RR,723.5,0
227,2023,1000010,14,RR,687.6,0
228,2023,1000010,14,RR,782.2,1
229,2023,1000010,14,RR,761.1,1
230,2023,1000010,14,RR,798.4,1
231,2021,1000011,14,RR,725.5,0
232,2021,1000011,14,RR,750.4,1
233,2021,1000011,14,RR,729.2,0
234,2021,1000011,14,RR,741.2,0
235,2021,1000011,14,RR,691.8,0
236,2021,1000011,14,RR,712.8,0
237,2021,1000011,14,RR,727.9,0
238,2021,1000011,14,RR,752.8,1
239,2021,1000011,14,RR,704.3,0
240,2022,1000011,14,RR,753.2,1
241,2022,1000011,14,RR,640.3,0
242,2022,1000011,14,RR,668.1,0
243,2022,1000011,14,RR,660.7,0
244,2022,1000011,14,RR,626.7,0
245,2023,1000011,14,RR,787.9,1
246,2023,1000011,14,RR,823.6,1
247,2023,1000011,14,RR,833.1,1
248,2023,1000011,14,RR,777.2,1
249,2023,1000011,14,RR,834.1,1
250,2023,1000011,14,RR,783.7,1
251,2023,1000011,14,RR,746.5,1
252,2023,1000011,14,RR,756.2,1
253,2023,1000011,14,RR,720.8,0
254,2023,1000011,14,RR,744.5,1
255,2023,1000011,14,RR,765.7,1
256,2021,1000012,14,RR,795.7,1
257,2021,1000012,14,RR,738.4,0
258,2021,1000012,14,RR,799.0,1
259,2021,1000012,14,RR,774.8,1
260,2021,1000012,14,RR,706.8,0
261,2021,1000012,14,RR,817.1,1
262,2021,1000012,14,RR,755.8,1
263,2021,1000012,14,RR,758.6,1
264,2021,1000012,14,RR,737.2,0
265,2022,1000012,14,RR,793.1,1
266,2022,1000012,14,RR,794.5,1
267,2022,1000012,14,RR,832.8,1
268,2022,1000012,14,RR,766.3,1
269,2022,1000012,14,RR,720.9,0
270,2022,1000012,14,RR,822.7,1
271,2022,1000012,14,RR,766.7,1
272,2022,1000012,14,RR,824.6,1
273,2022,1000012,14,RR,795.3,1
274,2023,1000012,14,RR,863.1,1
275,2023,1000012,14,RR,782.8,1
276,2023,1000012,14,RR,786.4,1
277,2023,1000012,14,RR,823.0,1
278,2023,1000012,14,RR,746.2,1
279,2023,1000012,14,RR,793.3,1
280,2023,1000012,14,RR,779.0,1
281,2023,1000012,14,RR,792.6,1
282,2021,1000013,15,PA,675.3,0
283,2021,1000013,15,PA,701.7,0
284,2021,1000013,15,PA,708.3,0
285,2021,1000013,15,PA,797.5,1
286,2021,1000013,15,PA,764.2,1
287,2021,1000013,15,PA,681.5,0
288,2021,1000013,15,PA,733.9,0
289,2021,1000013,15,PA,703.7,0
290,2021,1000013,15,PA,708.6,0
291,2022,1000013,15,PA,762.6,1
292,2022,1000013,15,PA,674.3,0
293,2022,1000013,15,PA,720.3,0
294,2022,1000013,15,PA,823.9,1
295,2022,1000013,15,PA,728.9,0
296,2022,1000013,15,PA,777.3,1
297,2022,1000013,15,PA,723.7,0
298,2022,1000013,15,PA,743.2,1
299,2022,1000013,15,PA,717.7,0
300,2022,1000013,15,PA,713.2,0
301,2023,1000013,15,PA,806.6,1
302,2023,1000013,15,PA,823.4,1
303,2023,1000013,15,PA,794.7,1
304,2023,1000013,15,PA,768.6,1
305,2023,1000013,15,PA,798.2,1
306,2023,1000013,15,PA,767.7,1
307,2023,1000013,15,PA,817.4,1
308,2023,1000013,15,PA,706.7,0
309,2023,1000013,15,PA,766.6,1
310,2023,1000013,15,PA,700.4,0
311,2021,1000014,15,PA,691.2,0
312,2021,1000014,15,PA,659.9,0
313,2021,1000014,15,PA,601.4,0
314,2021,1000014,15,PA,698.3,0
315,2021,1000014,15,PA,816.8,1
316,2021,1000014,15,PA,737.4,0
317,2022,1000014,15,PA,768.1,1
318,2022,1000014,15,PA,784.0,1
319,2022,1000014,15,PA,776.6,1
320,2022,1000014,15,PA,811.6,1
321,2022,1000014,15,PA,793.8,1
322,2022,1000014,15,PA,806.7,1
323,2022,1000014,15,PA,752.5,1
324,2022,1000014,15,PA,815.9,1
325,2022,1000014,15,PA,845.2,1
326,2023,1000014,15,PA,772.3,1
327,2023,1000014,15,PA,836.2,1
328,2023,1000014,15,PA,762.3,1
329,2023,1000014,15,PA,838.2,1
330,2023,1000014,15,PA,785.3,1
331,2023,1000014,15,PA,790.3,1
332,2023,1000014,15,PA,842.6,1
333,2023,1000014,15,PA,765.5,1
334,2023,1000014,15,PA,742.4,0
335,2023,1000014,15,PA,762.1,1
336,2023,1000014,15,PA,798.1,1
337,2021,1000015,15,PA,765.9,1
338,2021,1000015,15,PA,624.2,0
339,2021,1000015,15,PA,688.5,0
340,2021,1000015,15,PA,652.5,0
341,2021,1000015,15,PA,687.0,0
342,2021,1000015,15,PA,729.9,0
343,2021,1000015,15,PA,712.8,0
344,2021,1000015,15,PA,709.9,0
345,2022,1000015,15,PA,748.3,1
346,2022,1000015,15,PA,746.5,1
347,2022,1000015,15,PA,735.4,0
348,2022,1000015,15,PA,742.3,0
349,2022,1000015,15,PA,731.9,0
350,2022,1000015,15,PA,801.4,1
351,2022,1000015,15,PA,716.5,0
352,2023,1000015,15,PA,730.2,0
353,2023,1000015,15,PA,744.4,1
354,2023,1000015,15,PA,777.2,1
355,2023,1000015,15,PA,793.4,1
356,2023,1000015,15,PA,782.0,1
357,2023,1000015,15,PA,749.4,1
358,2023,1000015,15,PA,816.0,1
359,2023,1000015,15,PA,809.6,1
360,2023,1000015,15,PA,773.6,1
361,2023,1000015,15,PA,753.9,1
362,2021,1000016,16,AP,717.3,0
363,2021,1000016,16,AP,730.5,0
364,2021,1000016,16,AP,684.0,0
365,2021,1000016,16,AP,727.6,0
366,2021,1000016,16,AP,661.8,0
367,2021,1000016,16,AP,773.4,1
368,2021,1000016,16,AP,769.9,1
369,2021,1000016,16,AP,709.9,0
370,2021,1000016,16,AP,734.5,0
371,2022,1000016,16,AP,737.1,0
372,2022,1000016,16,AP,808.6,1
373,2022,1000016,16,AP,859.9,1
374,2022,1000016,16,AP,732.9,0
375,2022,1000016,16,AP,746.5,1
376,2022,1000016,16,AP,789.4,1
377,2022,1000016,16,AP,844.4,1
378,2022,1000016,16,AP,731.1,0
379,2022,1000016,16,AP,790.0,1
380,2022,1000016,16,AP,852.9,1
381,2023,1000016,16,AP,728.8,0
382,2023,1000016,16,AP,763.1,1
383,2023,1000016,16,AP,759.2,1
384,2023,1000016,16,AP,812.5,1
385,2023,1000016,16,AP,789.7,1
386,2021,1000017,16,AP,771.0,1
387,2021,1000017,16,AP,694.9,0
388,2021,1000017,16,AP,694.5,0
389,2021,1000017,16,AP,741.6,0
390,2021,1000017,16,AP,750.5,1
391,2021,1000017,16,AP,737.9,0
392,2021,1000017,16,AP,652.6,0
393,2021,1000017,16,AP,741.5,0
394,2021,1000017,16,AP,678.6,0
395,2021,1000017,16,AP,729.4,0
396,2022,1000017,16,AP,728.7,0
397,2022,1000017,16,AP,808.6,1
398,2022,1000017,16,AP,789.7,1
399,2022,1000017,16,AP,755.4,1
400,2022,1000017,16,AP,838.0,1
401,2022,1000017,16,AP,762.4,1
402,2022,1000017,16,AP,781.3,1
403,2022,1000017,16,AP,790.8,1
404,2022,1000017,16,AP,755.2,1
405,2022,1000017,16,AP,798.8,1
406,2022,1000017,16,AP,758.7,1
407,2023,1000017,16,AP,683.5,0
408,2023,1000017,16,AP,844.4,1
409,2023,1000017,16,AP,882.0,1
410,2023,1000017,16,AP,763.8,1
411,2023,1000017,16,AP,702.5,0
412,2023,1000017,16,AP,767.6,1
413,2021,1000018,16,AP,743.2,1
414,2021,1000018,16,AP,741.0,0
415,2021,1000018,16,AP,660.2,0
416,2021,1000018,16,AP,748.0,1
417,2021,1000018,16,AP,802.1,1
418,2021,1000018,16,AP,726.9,0
419,2022,1000018,16,AP,650.8,0
420,2022,1000018,16,AP,726.6,0
421,2022,1000018,16,AP,704.4,0
422,2022,1000018,16,AP,793.9,1
423,2022,1000018,16,AP,713.0,0
424,2022,1000018,16,AP,786.7,1
425,2022,1000018,16,AP,675.9,0
426,2022,1000018,16,AP,743.5,1
427,2022,1000018,16,AP,732.8,0
428,2023,1000018,16,AP,767.0,1
429,2023,1000018,16,AP,712.3,0
430,2023,1000018,16,AP,779.3,1
431,2023,1000018,16,AP,743.9,1
432,2023,1000018,16,AP,766.3,1
433,2023,1000018,16,AP,776.7,1
434,2023,1000018,16,AP,711.8,0
435,2021,1000019,17,TO,617.4,0
436,2021,1000019,17,TO,751.4,1
437,2021,1000019,17,TO,730.9,0
438,2021,1000019,17,TO,691.4,0
439,2021,1000019,17,TO,667.3,0
440,2021,1000019,17,TO,753.4,1
441,2021,1000019,17,TO,734.0,0
442,2021,1000019,17,TO,815.3,1
443,2022,1000019,17,TO,812.7,1
444,2022,1000019,17,TO,805.0,1
445,2022,1000019,17,TO,830.1,1
446,2022,1000019,17,TO,759.1,1
447,2022,1000019,17,TO,762.6,1
448,2022,1000019,17,TO,760.8,1
449,2022,1000019,17,TO,811.6,1
450,2022,1000019,17,TO,839.9,1
451,2022,1000019,17,TO,761.6,1
452,2022,1000019,17,TO,763.0,1
453,2023,1000019,17,TO,689.9,0
454,2023,1000019,17,TO,746.9,1
455,2023,1000019,17,TO,748.7,1
456,2023,1000019,17,TO,687.2,0
457,2023,1000019,17,TO,741.5,0
458,2021,1000020,17,TO,710.2,0
459,2021,1000020,17,TO,678.8,0
460,2021,1000020,17,TO,717.7,0
461,2021,1000020,17,TO,762.0,1
462,2021,1000020,17,TO,681.0,0
463,2021,1000020,17,TO,683.6,0
464,2021,1000020,17,TO,742.3,0
465,2022,1000020,17,TO,748.1,1
466,2022,1000020,17,TO,678.6,0
467,2022,1000020,17,TO,719.5,0
468,2022,1000020,17,TO,711.6,0
469,2022,1000020,17,TO,671.4,0
470,2023,1000020,17,TO,739.1,0
471,2023,1000020,17,TO,776.2,1
472,2023,1000020,17,TO,825.1,1
473,2023,1000020,17,TO,688.8,0
474,2023,1000020,17,TO,720.1,0
475,2023,1000020,17,TO,743.1,1
476,2023,1000020,17,TO,838.4,1
477,2023,1000020,17,TO,791.3,1
478,2023,1000020,17,TO,810.7,1
479,2023,1000020,17,TO,734.4,0
480,2021,1000021,17,TO,741.9,0
481,2021,1000021,17,TO,712.5,0
482,2021,1000021,17,TO,731.1,0
483,2021,1000021,17,TO,726.3,0
484,2021,1000021,17,TO,751.1,1
485,2021,1000021,17,TO,752.3,1
486,2022,1000021,17,TO,767.5,1
487,2022,1000021,17,TO,679.2,0
488,2022,1000021,17,TO,645.6,0
489,2022,1000021,17,TO,724.0,0
490,2022,1000021,17,TO,757.2,1
491,2022,1000021,17,TO,791.9,1
492,2023,1000021,17,TO,780.5,1
493,2023,1000021,17,TO,768.0,1
494,2023,1000021,17,TO,739.4,0
495,2023,1000021,17,TO,862.0,1
496,2023,1000021,17,TO,851.4,1
497,2023,1000021,17,TO,825.4,1
498,2023,1000021,17,TO,743.2,1
499,2023,1000021,17,TO,814.2,1
500,2023,1000021,17,TO,805.6,1
501,2023,1000021,17,TO,797.7,1
502,2021,1000022,21,MA,745.5,1
503,2021,1000022,21,MA,733.6,0
504,2021,1000022,21,MA,648.7,0
505,2021,1000022,21,MA,723.3,0
506,2021,1000022,21,MA,697.8,0
507,2021,1000022,21,MA,668.8,0
508,2021,1000022,21,MA,787.3,1
509,2022,1000022,21,MA,774.0,1
510,2022,1000022,21,MA,720.5,0
511,2022,1000022,21,MA,728.1,0
512,2022,1000022,21,MA,676.3,0
513,2022,1000022,21,MA,735.9,0
514,2022,1000022,21,MA,722.4,0
515,2022,1000022,21,MA,667.9,0
516,2022,1000022,21,MA,718.0,0
517,2022,1000022,21,MA,716.8,0
518,2022,1000022,21,MA,791.9,1
519,2022,1000022,21,MA,755.8,1
520,2023,1000022,21,MA,771.9,1
521,2023,1000022,21,MA,736.7,0
522,2023,1000022,21,MA,774.0,1
523,2023,1000022,21,MA,750.2,1
524,2023,1000022,21,MA,730.0,0
525,2023,1000022,21,MA,800.4,1
526,2023,1000022,21,MA,795.7,1
527,2023,1000022,21,MA,708.5,0
528,2023,1000022,21,MA,775.1,1
529,2023,1000022,21,MA,819.8,1
530,2023,1000022,21,MA,822.4,1
531,2021,1000023,21,MA,676.7,0
532,2021,1000023,21,MA,733.8,0
533,2021,1000023,21,MA,735.2,0
534,2021,1000023,21,MA,771.5,1
535,2021,1000023,21,MA,764.0,1
536,2021,1000023,21,MA,714.7,0
537,2021,1000023,21,MA,670.2,0
538,2021,1000023,21,MA,707.2,0
539,2021,1000023,21,MA,728.7,0
540,2022,1000023,21,MA,699.8,0
541,2022,1000023,21,MA,694.9,0
542,2022,1000023,21,MA,732.5,0
543,2022,1000023,21,MA,703.9,0
544,2022,1000023,21,MA,729.8,0
545,2022,1000023,21,MA,730.9,0
546,2022,1000023,21,MA,674.4,0
547,2022,1000023,21,MA,700.8,0
548,2023,1000023,21,MA,733.5,0
549,2023,1000023,21,MA,695.3,0
550,2023,1000023,21,MA,705.5,0
551,2023,1000023,21,MA,781.2,1
552,2023,1000023,21,MA,781.2,1
553,2023,1000023,21,MA,775.3,1
554,2023,1000023,21,MA,828.6,1
555,2023,1000023,21,MA,673.1,0
556,2023,1000023,21,MA,795.8,1
557,2023,1000023,21,MA,842.5,1
558,2023,1000023,21,MA,734.9,0
559,2021,1000024,21,MA,766.9,1
560,2021,1000024,21,MA,837.1,1
561,2021,1000024,21,MA,853.5,1
562,2021,1000024,21,MA,766.6,1
563,2021,1000024,21,MA,856.2,1
564,2021,1000024,21,MA,781.4,1
565,2021,1000024,21,MA,850.1,1
566,2021,1000024,21,MA,776.3,1
567,2021,1000024,21,MA,785.2,1
568,2021,1000024,21,MA,794.6,1
569,2022,1000024,21,MA,818.8,1
570,2022,1000024,21,MA,765.5,1
571,2022,1000024,21,MA,760.4,1
572,2022,1000024,21,MA,816.3,1
573,2022,1000024,21,MA,781.2,1
574,2022,1000024,21,MA,791.1,1
575,2022,1000024,21,MA,780.6,1
576,2023,1000024,21,MA,806.7,1
577,2023,1000024,21,MA,740.7,0
578,2023,1000024,21,MA,722.3,0
579,2023,1000024,21,MA,777.7,1
580,2023,1000024,21,MA,783.4,1
581,2023,1000024,21,MA,752.3,1
582,2023,1000024,21,MA,813.2,1
583,2021,1000025,22,PI,718.1,0
584,2021,1000025,22,PI,731.2,0
585,2021,1000025,22,PI,679.7,0
586,2021,1000025,22,PI,749.0,1
587,2021,1000025,22,PI,722.5,0
588,2021,1000025,22,PI,644.3,0
589,2021,1000025,22,PI,641.7,0
590,2021,1000025,22,PI,719.5,0
591,2022,1000025,22,PI,789.0,1
592,2022,1000025,22,PI,817.9,1
593,2022,1000025,22,PI,735.6,0
594,2022,1000025,22,PI,733.1,0
595,2022,1000025,22,PI,736.3,0
596,2022,1000025,22,PI,791.6,1
597,2022,1000025,22,PI,829.8,1
598,2022,1000025,22,PI,762.7,1
599,2022,1000025,22,PI,679.9,0
600,2022,1000025,22,PI,711.8,0
601,2022,1000025,22,PI,746.7,1
602,2023,1000025,22,PI,767.5,1
603,2023,1000025,22,PI,822.0,1
604,2023,1000025,22,PI,753.0,1
605,2023,1000025,22,PI,745.5,1
606,2023,1000025,22,PI,799.2,1
607,2023,1000025,22,PI,718.6,0
608,2021,1000026,22,PI,783.5,1
609,2021,1000026,22,PI,695.1,0
610,2021,1000026,22,PI,802.4,1
611,2021,1000026,22,PI,711.0,0
612,2021,1000026,22,PI,668.9,0
613,2021,1000026,22,PI,722.8,0
614,2021,1000026,22,PI,677.0,0
615,2021,1000026,22,PI,689.9,0
616,2021,1000026,22,PI,735.9,0
617,2021,1000026,22,PI,742.2,0
618,2022,1000026,22,PI,837.5,1
619,2022,1000026,22,PI,801.2,1
620,2022,1000026,22,PI,834.5,1
621,2022,1000026,22,PI,704.8,0
622,2022,1000026,22,PI,767.3,1
623,2022,1000026,22,PI,745.3,1
624,2022,1000026,22,PI,784.8,1
625,2022,1000026,22,PI,757.1,1
626,2022,1000026,22,PI,773.4,1
627,2022,1000026,22,PI,855.3,1
628,2023,1000026,22,PI,783.0,1
629,2023,1000026,22,PI,780.2,1
630,2023,1000026,22,PI,797.9,1
631,2023,1000026,22,PI,826.6,1
632,2023,1000026,22,PI,845.9,1
633,2023,1000026,22,PI,792.4,1
634,2023,1000026,22,PI,803.6,1
635,2023,1000026,22,PI,734.0,0
636,2021,1000027,22,PI,728.5,0
637,2021,1000027,22,PI,755.5,1
638,2021,1000027,22,PI,739.6,0
639,2021,1000027,22,PI,768.0,1
640,2021,1000027,22,PI,731.6,0
641,2022,1000027,22,PI,735.3,0
642,2022,1000027,22,PI,574.1,0
643,2022,1000027,22,PI,651.1,0
644,2022,1000027,22,PI,738.1,0
645,2022,1000027,22,PI,739.1,0
646,2022,1000027,22,PI,673.5,0
647,2022,1000027,22,PI,691.5,0
648,2022,1000027,22,PI,774.8,1
649,2022,1000027,22,PI,700.6,0
650,2022,1000027,22,PI,809.7,1
651,2022,1000027,22,PI,719.9,0
652,2023,1000027,22,PI,739.9,0
653,2023,1000027,22,PI,775.6,1
654,2023,1000027,22,PI,778.6,1
655,2023,1000027,22,PI,725.4,0
656,2023,1000027,22,PI,769.8,1
657,2023,1000027,22,PI,750.3,1
658,2023,1000027,22,PI,817.0,1
659,2023,1000027,22,PI,781.4,1
660,2023,1000027,22,PI,768.7,1
661,2023,1000027,22,PI,775.8,1
662,2023,1000027,22,PI,788.9,1
663,2021,1000028,23,CE,764.2,1
664,2021,1000028,23,CE,703.5,0
665,2021,1000028,23,CE,663.3,0
666,2021,1000028,23,CE,737.8,0
667,2021,1000028,23,CE,738.5,0
668,2021,1000028,23,CE,658.8,0
669,2021,1000028,23,CE,729.2,0
670,2021,1000028,23,CE,749.4,1
671,2021,1000028,23,CE,735.0,0
672,2021,1000028,23,CE,745.3,1
673,2022,1000028,23,CE,804.2,1
674,2022,1000028,23,CE,767.9,1
675,2022,1000028,23,CE,760.7,1
676,2022,1000028,23,CE,814.8,1
677,2022,1000028,23,CE,839.2,1
678,2022,1000028,23,CE,851.8,1
679,2022,1000028,23,CE,832.6,1
680,2022,1000028,23,CE,775.6,1
681,2022,1000028,23,CE,794.1,1
682,2022,1000028,23,CE,810.7,1
683,2023,1000028,23,CE,777.6,1
684,2023,1000028,23,CE,750.8,1
685,2023,1000028,23,CE,763.4,1
686,2023,1000028,23,CE,805.4,1
687,2023,1000028,23,CE,780.1,1
688,2023,1000028,23,CE,793.6,1
689,2023,1000028,23,CE,806.8,1
690,2021,1000029,23,CE,670.6,0
691,2021,1000029,23,CE,777.7,1
692,2021,1000029,23,CE,700.0,0
693,2021,1000029,23,CE,653.8,0
694,2021,1000029,23,CE,678.2,0
695,2022,1000029,23,CE,706.5,0
696,2022,1000029,23,CE,744.8,1
697,2022,1000029,23,CE,733.6,0
698,2022,1000029,23,CE,732.6,0
699,2022,1000029,23,CE,736.4,0
700,2022,1000029,23,CE,744.6,1
701,2023,1000029,23,CE,781.4,1
702,2023,1000029,23,CE,779.8,1
703,2023,1000029,23,CE,821.8,1
704,2023,1000029,23,CE,827.5,1
705,2023,1000029,23,CE,788.1,1
706,2023,1000029,23,CE,760.0,1
707,2023,1000029,23,CE,799.4,1
708,2023,1000029,23,CE,758.9,1
709,2023,1000029,23,CE,779.9,1
710,2021,1000030,23,CE,747.1,1
711,2021,1000030,23,CE,681.8,0
712,2021,1000030,23,CE,759.0,1
713,2021,1000030,23,CE,747.9,1
714,2021,1000030,23,CE,724.1,0
715,2021,1000030,23,CE,689.5,0
716,2021,1000030,23,CE,685.6,0
717,2021,1000030,23,CE,698.5,0
718,2021,1000030,23,CE,741.7,0
719,2021,1000030,23,CE,681.8,0
720,2021,1000030,23,CE,737.5,0
721,2022,1000030,23,CE,877.8,1
722,2022,1000030,23,CE,724.9,0
723,2022,1000030,23,CE,838.9,1
724,2022,1000030,23,CE,786.0,1
725,2022,1000030,23,CE,796.4,1
726,2022,1000030,23,CE,784.7,1
727,2022,1000030,23,CE,797.8,1
728,2022,1000030,23,CE,773.9,1
729,2022,1000030,23,CE,838.2,1
730,2022,1000030,23,CE,761.7,1
731,2023,1000030,23,CE,737.1,0
732,2023,1000030,23,CE,798.2,1
733,2023,1000030,23,CE,837.8,1
734,2023,1000030,23,CE,776.9,1
735,2023,1000030,23,CE,772.1,1
736,2021,1000031,24,RN,683.5,0
737,2021,1000031,24,RN,729.1,0
738,2021,1000031,24,RN,772.8,1
739,2021,1000031,24,RN,832.4,1
740,2021,1000031,24,RN,696.5,0
741,2021,1000031,24,RN,777.4,1
742,2021,1000031,24,RN,729.8,0
743,2021,1000031,24,RN,714.0,0
744,2021,1000031,24,RN,737.3,0
745,2021,1000031,24,RN,722.5,0
746,2021,1000031,24,RN,724.4,0
747,2022,1000031,24,RN,746.1,1
748,2022,1000031,24,RN,708.9,0
749,2022,1000031,24,RN,696.2,0
750,2022,1000031,24,RN,720.3,0
751,2022,1000031,24,RN,751.8,1
752,2022,1000031,24,RN,727.2,0
753,2022,1000031,24,RN,693.8,0
754,2022,1000031,24,RN,769.1,1
755,2022,1000031,24,RN,783.2,1
756,2022,1000031,24,RN,739.8,0
757,2023,1000031,24,RN,804.6,1
758,2023,1000031,24,RN,803.9,1
759,2023,1000031,24,RN,800.8,1
760,2023,1000031,24,RN,736.1,0
761,2023,1000031,24,RN,808.0,1
762,2023,1000031,24,RN,725.8,0
763,2023,1000031,24,RN,748.2,1
764,2023,1000031,24,RN,832.1,1
765,2021,1000032,24,RN,673.9,0
766,2021,1000032,24,RN,710.4,0
767,2021,1000032,24,RN,724.1,0
768,2021,1000032,24,RN,723.2,0
769,2021,1000032,24,RN,765.3,1
770,2021,1000032,24,RN,705.5,0
771,2021,1000032,24,RN,734.1,0
772,2021,1000032,24,RN,680.5,0
773,2021,1000032,24,RN,738.0,0
774,2021,1000032,24,RN,720.1,0
775,2022,1000032,24,RN,769.2,1
776,2022,1000032,24,RN,850.9,1
777,2022,1000032,24,RN,776.1,1
778,2022,1000032,24,RN,770.2,1
779,2022,1000032,24,RN,696.1,0
780,2023,1000032,24,RN,835.3,1
781,2023,1000032,24,RN,773.4,1
782,2023,1000032,24,RN,831.5,1
783,2023,1000032,24,RN,782.5,1
784,2023,1000032,24,RN,781.5,1
785,2023,1000032,24,RN,776.4,1
786,2023,1000032,24,RN,780.2,1
787,2023,1000032,24,RN,848.8,1
788,2023,1000032,24,RN,687.2,0
789,2023,1000032,24,RN,699.9,0
790,2021,1000033,24,RN,738.9,0
791,2021,1000033,24,RN,704.6,0
792,2021,1000033,24,RN,760.8,1
793,2021,1000033,24,RN,761.2,1
794,2021,1000033,24,RN,727.4,0
795,2022,1000033,24,RN,747.9,1
796,2022,1000033,24,RN,724.4,0
797,2022,1000033,24,RN,720.1,0
798,2022,1000033,24,RN,778.9,1
799,2022,1000033,24,RN,622.0,0
800,2022,1000033,24,RN,663.3,0
801,2022,1000033,24,RN,672.5,0
802,2022,1000033,24,RN,705.5,0
803,2022,1000033,24,RN,709.8,0
804,2023,1000033,24,RN,878.3,1
805,2023,1000033,24,RN,852.1,1
806,2023,1000033,24,RN,763.5,1
807,2023,1000033,24,RN,765.5,1
808,2023,1000033,24,RN,734.0,0
809,2023,1000033,24,RN,703.7,0
810,2023,1000033,24,RN,775.3,1
811,2023,1000033,24,RN,740.1,0
812,2021,1000034,25,PB,785.9,1
813,2021,1000034,25,PB,794.6,1
814,2021,1000034,25,PB,796.7,1
815,2021,1000034,25,PB,727.2,0
816,2021,1000034,25,PB,814.2,1
817,2021,1000034,25,PB,748.0,1
818,2021,1000034,25,PB,805.3,1
819,2021,1000034,25,PB,779.6,1
820,2022,1000034,25,PB,804.5,1
821,2022,1000034,25,PB,774.4,1
822,2022,1000034,25,PB,841.3,1
823,2022,1000034,25,PB,820.3,1
824,2022,1000034,25,PB,769.7,1
825,2022,1000034,25,PB,810.0,1
826,2022,1000034,25,PB,857.4,1
827,2022,1000034,25,PB,858.4,1
828,2022,1000034,25,PB,730.9,0
829,2023,1000034,25,PB,727.1,0
830,2023,1000034,25,PB,760.6,1
831,2023,1000034,25,PB,796.8,1
832,2023,1000034,25,PB,775.9,1
833,2023,1000034,25,PB,754.0,1
834,2021,1000035,25,PB,811.3,1
835,2021,1000035,25,PB,731.9,0
836,2021,1000035,25,PB,755.5,1
837,2021,1000035,25,PB,700.4,0
838,2021,1000035,25,PB,712.6,0
839,2022,1000035,25,PB,647.6,0
840,2022,1000035,25,PB,630.0,0
841,2022,1000035,25,PB,672.2,0
842,2022,1000035,25,PB,773.0,1
843,2022,1000035,25,PB,718.2,0
844,2023,1000035,25,PB,744.0,1
845,2023,1000035,25,PB,801.0,1
846,2023,1000035,25,PB,809.1,1
847,2023,1000035,25,PB,756.9,1
848,2023,1000035,25,PB,802.4,1
849,2023,1000035,25,PB,802.6,1
850,2023,1000035,25,PB,758.0,1
851,2023,1000035,25,PB,735.1,0
852,2023,1000035,25,PB,732.6,0
853,2023,1000035,25,PB,783.5,1
854,2023,1000035,25,PB,793.1,1
855,2021,1000036,25,PB,744.7,1
856,2021,1000036,25,PB,782.1,1
857,2021,1000036,25,PB,771.1,1
858,2021,1000036,25,PB,679.9,0
859,2021,1000036,25,PB,787.3,1
860,2021,1000036,25,PB,698.8,0
861,2021,1000036,25,PB,761.8,1
862,2022,1000036,25,PB,773.1,1
863,2022,1000036,25,PB,717.6,0
864,2022,1000036,25,PB,818.7,1
865,2022,1000036,25,PB,840.7,1
866,2022,1000036,25,PB,748.1,1
867,2022,1000036,25,PB,792.1,1
868,2022,1000036,25,PB,751.0,1
869,2022,1000036,25,PB,754.9,1
870,2022,1000036,25,PB,811.0,1
871,2022,1000036,25,PB,778.5,1
872,2022,1000036,25,PB,849.6,1
873,2023,1000036,25,PB,811.8,1
874,2023,1000036,25,PB,762.1,1
875,2023,1000036,25,PB,778.0,1
876,2023,1000036,25,PB,775.4,1
877,2023,1000036,25,PB,746.6,1
878,2023,1000036,25,PB,806.5,1
879,2023,1000036,25,PB,806.0,1
880,2021,1000037,26,PE,705.0,0
881,2021,1000037,26,PE,734.9,0
882,2021,1000037,26,PE,695.1,0
883,2021,1000037,26,PE,720.9,0
884,2021,1000037,26,PE,696.0,0
885,2021,1000037,26,PE,784.8,1
886,2021,1000037,26,PE,734.5,0
887,2021,1000037,26,PE,711.3,0
888,2021,1000037,26,PE,767.7,1
889,2021,1000037,26,PE,633.2,0
890,2021,1000037,26,PE,639.4,0
891,2022,1000037,26,PE,666.9,0
892,2022,1000037,26,PE,719.1,0
893,2022,1000037,26,PE,800.1,1
894,2022,1000037,26,PE,753.0,1
895,2022,1000037,26,PE,726.8,0
896,2022,1000037,26,PE,702.4,0
897,2022,1000037,26,PE,704.2,0
898,2022,1000037,26,PE,634.8,0
899,2022,1000037,26,PE,730.3,0
900,2022,1000037,26,PE,753.8,1
901,2023,1000037,26,PE,741.4,0
902,2023,1000037,26,PE,782.1,1
903,2023,1000037,26,PE,696.6,0
904,2023,1000037,26,PE,804.6,1
905,2023,1000037,26,PE,810.2,1
906,2023,1000037,26,PE,770.0,1
907,2021,1000038,26,PE,608.9,0
908,2021,1000038,26,PE,706.1,0
909,2021,1000038,26,PE,672.8,0
910,2021,1000038,26,PE,752.2,1
911,2021,1000038,26,PE,693.0,0
912,2021,1000038,26,PE,736.2,0
913,2021,1000038,26,PE,742.6,0
914,2022,1000038,26,PE,660.6,0
915,2022,1000038,26,PE,767.6,1
916,2022,1000038,26,PE,689.6,0
917,2022,1000038,26,PE,697.6,0
918,2022,1000038,26,PE,719.1,0
919,2022,1000038,26,PE,657.5,0
920,2022,1000038,26,PE,729.2,0
921,2022,1000038,26,PE,758.7,1
922,2023,1000038,26,PE,809.7,1
923,2023,1000038,26,PE,704.9,0
924,2023,1000038,26,PE,737.0,0
925,2023,1000038,26,PE,815.1,1
926,2023,1000038,26,PE,790.8,1
927,2021,1000039,26,PE,806.3,1
928,2021,1000039,26,PE,888.4,1
929,2021,1000039,26,PE,771.4,1
930,2021,1000039,26,PE,748.1,1
931,2021,1000039,26,PE,797.1,1
932,2022,1000039,26,PE,812.4,1
933,2022,1000039,26,PE,733.1,0
934,2022,1000039,26,PE,690.7,0
935,2022,1000039,26,PE,756.6,1
936,2022,1000039,26,PE,715.6,0
937,2022,1000039,26,PE,709.9,0
938,2022,1000039,26,PE,742.5,0
939,2022,1000039,26,PE,668.3,0
940,2022,1000039,26,PE,734.1,0
941,2022,1000039,26,PE,796.5,1
942,2022,1000039,26,PE,738.6,0
943,2023,1000039,26,PE,769.8,1
944,2023,1000039,26,PE,764.9,1
945,2023,1000039,26,PE,816.7,1
946,2023,1000039,26,PE,710.7,0
947,2023,1000039,26,PE,814.5,1
948,2023,1000039,26,PE,764.8,1
949,2023,1000039,26,PE,795.1,1
950,2023,1000039,26,PE,734.9,0
951,2021,1000040,27,AL,659.4,0
952,2021,1000040,27,AL,753.2,1
953,2021,1000040,27,AL,736.2,0
954,2021,1000040,27,AL,655.8,0
955,2021,1000040,27,AL,719.0,0
956,2021,1000040,27,AL,734.6,0
957,2021,1000040,27,AL,742.2,0
958,2021,1000040,27,AL,727.1,0
959,2021,1000040,27,AL,731.6,0
960,2022,1000040,27,AL,767.3,1
961,2022,1000040,27,AL,773.4,1
962,2022,1000040,27,AL,709.9,0
963,2022,1000040,27,AL,783.8,1
964,2022,1000040,27,AL,830.0,1
965,2022,1000040,27,AL,736.5,0
966,2022,1000040,27,AL,793.5,1
967,2022,1000040,27,AL,743.4,1
968,2023,1000040,27,AL,798.5,1
969,2023,1000040,27,AL,705.2,0
970,2023,1000040,27,AL,854.5,1
971,2023,1000040,27,AL,804.1,1
972,2023,1000040,27,AL,772.7,1
973,2021,1000041,27,AL,767.0,1
974,2021,1000041,27,AL,771.8,1
975,2021,1000041,27,AL,760.3,1
976,2021,1000041,27,AL,756.8,1
977,2021,1000041,27,AL,807.8,1
978,2021,1000041,27,AL,790.2,1
979,2022,1000041,27,AL,763.2,1
980,2022,1000041,27,AL,869.2,1
981,2022,1000041,27,AL,717.3,0
982,2022,1000041,27,AL,830.4,1
983,2022,1000041,27,AL,834.7,1
984,2022,1000041,27,AL,745.9,1
985,2023,1000041,27,AL,781.1,1
986,2023,1000041,27,AL,771.3,1
987,2023,1000041,27,AL,771.6,1
988,2023,1000041,27,AL,795.6,1
989,2023,1000041,27,AL,836.0,1
990,2023,1000041,27,AL,787.3,1
991,2023,1000041,27,AL,743.5,1
992,2023,1000041,27,AL,813.0,1
993,2023,1000041,27,AL,816.8,1
994,2023,1000041,27,AL,806.2,1
995,2023,1000041,27,AL,809.8,1
996,2021,1000042,27,AL,654.6,0
997,2021,1000042,27,AL,729.5,0
998,2021,1000042,27,AL,716.7,0
999,2021,1000042,27,AL,702.4,0
1000,2021,1000042,27,AL,601.8,0
1001,2022,1000042,27,AL,734.4,0
1002,2022,1000042,27,AL,664.4,0
1003,2022,1000042,27,AL,777.5,1
1004,2022,1000042,27,AL,714.2,0
1005,2022,1000042,27,AL,731.6,0
1006,2022,1000042,27,AL,813.0,1
1007,2022,1000042,27,AL,780.7,1
1008,2023,1000042,27,AL,800.4,1
1009,2023,1000042,27,AL,775.8,1
1010,2023,1000042,27,AL,764.2,1
1011,2023,1000042,27,AL,838.7,1
1012,2023,1000042,27,AL,775.4,1
1013,2021,1000043,28,SE,734.3,0
1014,2021,1000043,28,SE,758.5,1
1015,2021,1000043,28,SE,691.0,0
1016,2021,1000043,28,SE,685.8,0
1017,2021,1000043,28,SE,738.4,0
1018,2021,1000043,28,SE,759.5,1
1019,2021,1000043,28,SE,721.6,0
1020,2022,1000043,28,SE,709.3,0
1021,2022,1000043,28,SE,784.4,1
1022,2022,1000043,28,SE,825.0,1
1023,2022,1000043,28,SE,779.5,1
1024,2022,1000043,28,SE,689.6,0
1025,2022,1000043,28,SE,772.4,1
1026,2023,1000043,28,SE,704.4,0
1027,2023,1000043,28,SE,788.2,1
1028,2023,1000043,28,SE,738.0,0
1029,2023,1000043,28,SE,742.5,0
1030,2023,1000043,28,SE,724.6,0
1031,2023,1000043,28,SE,733.2,0
1032,2023,1000043,28,SE,751.1,1
1033,2023,1000043,28,SE,687.6,0
1034,2023,1000043,28,SE,755.1,1
1035,2023,1000043,28,SE,665.1,0
1036,2023,1000043,28,SE,733.1,0
1037,2021,1000044,28,SE,695.1,0
1038,2021,1000044,28,SE,677.1,0
1039,2021,1000044,28,SE,705.9,0
1040,2021,1000044,28,SE,675.8,0
1041,2021,1000044,28,SE,732.9,0
1042,2022,1000044,28,SE,757.3,1
1043,2022,1000044,28,SE,755.0,1
1044,2022,1000044,28,SE,833.0,1
1045,2022,1000044,28,SE,793.2,1
1046,2022,1000044,28,SE,771.5,1
1047,2022,1000044,28,SE,799.9,1
1048,2022,1000044,28,SE,695.7,0
1049,2022,1000044,28,SE,778.3,1
1050,2023,1000044,28,SE,741.9,0
1051,2023,1000044,28,SE,755.8,1
1052,2023,1000044,28,SE,640.1,0
1053,2023,1000044,28,SE,652.7,0
1054,2023,1000044,28,SE,728.4,0
1055,2021,1000045,28,SE,642.6,0
1056,2021,1000045,28,SE,669.3,0
1057,2021,1000045,28,SE,610.0,0
1058,2021,1000045,28,SE,710.6,0
1059,2021,1000045,28,SE,712.5,0
1060,2021,1000045,28,SE,703.0,0
1061,2021,1000045,28,SE,763.2,1
1062,2021,1000045,28,SE,767.9,1
1063,2021,1000045,28,SE,713.2,0
1064,2022,1000045,28,SE,732.4,0
1065,2022,1000045,28,SE,759.3,1
1066,2022,1000045,28,SE,673.4,0
1067,2022,1000045,28,SE,800.4,1
1068,2022,1000045,28,SE,681.6,0
1069,2022,1000045,28,SE,750.0,1
1070,2022,1000045,28,SE,652.5,0
1071,2023,1000045,28,SE,813.6,1
1072,2023,1000045,28,SE,789.5,1
1073,2023,1000045,28,SE,775.8,1
1074,2023,1000045,28,SE,834.6,1
1075,2023,1000045,28,SE,770.5,1
1076,2023,1000045,28,SE,708.8,0
1077,2023,1000045,28,SE,747.9,1
1078,2023,1000045,28,SE,802.0,1
1079,2023,1000045,28,SE,795.8,1
1080,2023,1000045,28,SE,717.3,0
1081,2023,1000045,28,SE,751.0,1
1082,2021,1000046,29,BA,694.9,0
1083,2021,1000046,29,BA,690.9,0
1084,2021,1000046,29,BA,750.9,1
1085,2021,1000046,29,BA,752.4,1
1086,2021,1000046,29,BA,714.2,0
1087,2021,1000046,29,BA,704.3,0
1088,2021,1000046,29,BA,725.6,0
1089,2021,1000046,29,BA,687.3,0
1090,2021,1000046,29,BA,674.1,0
1091,2021,1000046,29,BA,682.4,0
1092,2022,1000046,29,BA,809.2,1
1093,2022,1000046,29,BA,716.5,0
1094,2022,1000046,29,BA,781.0,1
1095,2022,1000046,29,BA,771.2,1
1096,2022,1000046,29,BA,793.7,1
1097,2022,1000046,29,BA,779.5,1
1098,2023,1000046,29,BA,821.2,1
1099,2023,1000046,29,BA,691.4,0
1100,2023,1000046,29,BA,793.8,1
1101,2023,1000046,29,BA,827.6,1
1102,2023,1000046,29,BA,773.9,1
1103,2021,1000047,29,BA,655.2,0
1104,2021,1000047,29,BA,626.2,0
1105,2021,1000047,29,BA,757.7,1
1106,2021,1000047,29,BA,680.6,0
1107,2021,1000047,29,BA,701.8,0
1108,2021,1000047,29,BA,664.5,0
1109,2021,1000047,29,BA,663.6,0
1110,2022,1000047,29,BA,798.1,1
1111,2022,1000047,29,BA,792.8,1
1112,2022,1000047,29,BA,789.5,1
1113,2022,1000047,29,BA,843.1,1
1114,2022,1000047,29,BA,737.3,0
1115,2022,1000047,29,BA,777.8,1
1116,2022,1000047,29,BA,825.3,1
1117,2022,1000047,29,BA,830.6,1
1118,2022,1000047,29,BA,723.1,0
1119,2022,1000047,29,BA,767.5,1
1120,2022,1000047,29,BA,834.3,1
1121,2023,1000047,29,BA,764.6,1
1122,2023,1000047,29,BA,791.5,1
1123,2023,1000047,29,BA,769.9,1
1124,2023,1000047,29,BA,778.3,1
1125,2023,1000047,29,BA,783.1,1
1126,2023,1000047,29,BA,752.9,1
1127,2023,1000047,29,BA,801.3,1
1128,2023,1000047,29,BA,896.6,1
1129,2023,1000047,29,BA,708.9,0
1130,2023,1000047,29,BA,793.0,1
1131,2023,1000047,29,BA,749.6,1
1132,2021,1000048,29,BA,767.0,1
1133,2021,1000048,29,BA,727.7,0
1134,2021,1000048,29,BA,765.3,1
1135,2021,1000048,29,BA,626.2,0
1136,2021,1000048,29,BA,783.6,1
1137,2021,1000048,29,BA,735.0,0
1138,2021,1000048,29,BA,763.1,1
1139,2021,1000048,29,BA,671.2,0
1140,2021,1000048,29,BA,686.8,0
1141,2021,1000048,29,BA,725.8,0
1142,2022,1000048,29,BA,709.4,0
1143,2022,1000048,29,BA,819.0,1
1144,2022,1000048,29,BA,780.3,1
1145,2022,1000048,29,BA,771.8,1
1146,2022,1000048,29,BA,721.2,0
1147,2022,1000048,29,BA,800.1,1
1148,2022,1000048,29,BA,683.4,0
1149,2022,1000048,29,BA,805.9,1
1150,2022,1000048,29,BA,720.3,0
1151,2022,1000048,29,BA,782.1,1
1152,2022,1000048,29,BA,775.2,1
1153,2023,1000048,29,BA,759.7,1
1154,2023,1000048,29,BA,830.9,1
1155,2023,1000048,29,BA,801.5,1
1156,2023,1000048,29,BA,764.6,1
1157,2023,1000048,29,BA,770.5,1
1158,2023,1000048,29,BA,717.3,0
1159,2023,1000048,29,BA,795.5,1
1160,2023,1000048,29,BA,709.6,0
1161,2023,1000048,29,BA,810.1,1
1162,2023,1000048,29,BA,785.1,1
1163,2021,1000049,31,MG,791.9,1
1164,2021,1000049,31,MG,767.7,1
1165,2021,1000049,31,MG,692.2,0
1166,2021,1000049,31,MG,729.0,0
1167,2021,1000049,31,MG,720.1,0
1168,2021,1000049,31,MG,731.3,0
1169,2021,1000049,31,MG,692.1,0
1170,2021,1000049,31,MG,716.4,0
1171,2021,1000049,31,MG,656.1,0
1172,2022,1000049,31,MG,655.4,0
1173,2022,1000049,31,MG,759.5,1
1174,2022,1000049,31,MG,734.6,0
1175,2022,1000049,31,MG,691.0,0
1176,2022,1000049,31,MG,708.8,0
1177,2022,1000049,31,MG,660.0,0
1178,2022,1000049,31,MG,679.0,0
1179,2022,1000049,31,MG,698.5,0
1180,2022,1000049,31,MG,769.1,1
1181,2022,1000049,31,MG,694.4,0
1182,2023,1000049,31,MG,774.3,1
1183,2023,1000049,31,MG,814.9,1
1184,2023,1000049,31,MG,758.6,1
1185,2023,1000049,31,MG,717.1,0
1186,2023,1000049,31,MG,724.7,0
1187,2021,1000050,31,MG,796.4,1
1188,2021,1000050,31,MG,761.4,1
1189,2021,1000050,31,MG,875.0,1
1190,2021,1000050,31,MG,710.5,0
1191,2021,1000050,31,MG,788.1,1
1192,2021,1000050,31,MG,734.9,0
1193,2022,1000050,31,MG,789.5,1
1194,2022,1000050,31,MG,856.1,1
1195,2022,1000050,31,MG,761.9,1
1196,2022,1000050,31,MG,790.4,1
1197,2022,1000050,31,MG,821.0,1
1198,2022,1000050,31,MG,773.4,1
1199,2022,1000050,31,MG,756.8,1
1200,2022,1000050,31,MG,689.0,0
1201,2022,1000050,31,MG,805.6,1
1202,2022,1000050,31,MG,775.5,1
1203,2023,1000050,31,MG,758.9,1
1204,2023,1000050,31,MG,804.3,1
1205,2023,1000050,31,MG,726.5,0
1206,2023,1000050,31,MG,821.9,1
1207,2023,1000050,31,MG,724.1,0
1208,2023,1000050,31,MG,753.5,1
1209,2023,1000050,31,MG,856.9,1
1210,2023,1000050,31,MG,825.1,1
1211,2023,1000050,31,MG,783.9,1
1212,2023,1000050,31,MG,742.4,0
1213,2023,1000050,31,MG,758.8,1
1214,2021,1000051,31,MG,718.8,0
1215,2021,1000051,31,MG,711.4,0
1216,2021,1000051,31,MG,662.3,0
1217,2021,1000051,31,MG,699.3,0
1218,2021,1000051,31,MG,756.6,1
1219,2021,1000051,31,MG,665.3,0
1220,2021,1000051,31,MG,712.4,0
1221,2021,1000051,31,MG,687.2,0
1222,2021,1000051,31,MG,724.5,0
1223,2021,1000051,31,MG,704.5,0
1224,2021,1000051,31,MG,779.1,1
1225,2022,1000051,31,MG,689.0,0
1226,2022,1000051,31,MG,696.9,0
1227,2022,1000051,31,MG,732.6,0
1228,2022,1000051,31,MG,700.3,0
1229,2022,1000051,31,MG,755.7,1
1230,2022,1000051,31,MG,689.0,0
1231,2022,1000051,31,MG,695.2,0
1232,2022,1000051,31,MG,693.7,0
1233,2022,1000051,31,MG,697.4,0
1234,2023,1000051,31,MG,870.7,1
1235,2023,1000051,31,MG,738.8,0
1236,2023,1000051,31,MG,782.8,1
1237,2023,1000051,31,MG,733.0,0
1238,2023,1000051,31,MG,748.9,1
1239,2023,1000051,31,MG,754.8,1
1240,2023,1000051,31,MG,737.7,0
1241,2023,1000051,31,MG,737.9,0
1242,2023,1000051,31,MG,774.2,1
1243,2021,1000052,32,ES,832.4,1
1244,2021,1000052,32,ES,701.9,0
1245,2021,1000052,32,ES,722.9,0
1246,2021,1000052,32,ES,668.2,0
1247,2021,1000052,32,ES,788.2,1
1248,2021,1000052,32,ES,764.8,1
1249,2021,1000052,32,ES,731.9,0
1250,2021,1000052,32,ES,666.1,0
1251,2022,1000052,32,ES,812.4,1
1252,2022,1000052,32,ES,783.8,1
1253,2022,1000052,32,ES,682.5,0
1254,2022,1000052,32,ES,740.7,0
1255,2022,1000052,32,ES,807.5,1
1256,2022,1000052,32,ES,828.5,1
1257,2022,1000052,32,ES,824.4,1
1258,2022,1000052,32,ES,716.3,0
1259,2022,1000052,32,ES,792.1,1
1260,2022,1000052,32,ES,820.6,1
1261,2023,1000052,32,ES,708.0,0
1262,2023,1000052,32,ES,645.9,0
1263,2023,1000052,32,ES,707.0,0
1264,2023,1000052,32,ES,706.9,0
1265,2023,1000052,32,ES,714.1,0
1266,2023,1000052,32,ES,697.5,0
1267,2023,1000052,32,ES,702.3,0
1268,2023,1000052,32,ES,718.4,0
1269,2021,1000053,32,ES,723.7,0
1270,2021,1000053,32,ES,643.2,0
1271,2021,1000053,32,ES,739.1,0
1272,2021,1000053,32,ES,720.0,0
1273,2021,1000053,32,ES,721.6,0
1274,2021,1000053,32,ES,758.4,1
1275,2021,1000053,32,ES,641.9,0
1276,2022,1000053,32,ES,726.8,0
1277,2022,1000053,32,ES,701.5,0
1278,2022,1000053,32,ES,746.6,1
1279,2022,1000053,32,ES,757.3,1
1280,2022,1000053,32,ES,739.4,0
1281,2022,1000053,32,ES,709.6,0
1282,2023,1000053,32,ES,805.8,1
1283,2023,1000053,32,ES,744.8,1
1284,2023,1000053,32,ES,807.0,1
1285,2023,1000053,32,ES,814.4,1
1286,2023,1000053,32,ES,842.4,1
1287,2023,1000053,32,ES,745.0,1
1288,2021,1000054,32,ES,735.3,0
1289,2021,1000054,32,ES,796.6,1
1290,2021,1000054,32,ES,803.1,1
1291,2021,1000054,32,ES,783.5,1
1292,2021,1000054,32,ES,788.8,1
1293,2021,1000054,32,ES,769.7,1
1294,2022,1000054,32,ES,720.4,0
1295,2022,1000054,32,ES,755.2,1
1296,2022,1000054,32,ES,660.1,0
1297,2022,1000054,32,ES,667.6,0
1298,2022,1000054,32,ES,638.5,0
1299,2022,1000054,32,ES,721.3,0
1300,2022,1000054,32,ES,675.3,0
1301,2023,1000054,32,ES,729.3,0
1302,2023,1000054,32,ES,708.0,0
1303,2023,1000054,32,ES,746.9,1
1304,2023,1000054,32,ES,739.0,0
1305,2023,1000054,32,ES,692.3,0
1306,2023,1000054,32,ES,713.3,0
1307,2021,1000055,33,RJ,746.2,1
1308,2021,1000055,33,RJ,676.6,0
1309,2021,1000055,33,RJ,776.5,1
1310,2021,1000055,33,RJ,761.0,1
1311,2021,1000055,33,RJ,731.6,0
1312,2021,1000055,33,RJ,726.3,0
1313,2021,1000055,33,RJ,711.6,0
1314,2021,1000055,33,RJ,747.1,1
1315,2021,1000055,33,RJ,705.2,0
1316,2022,1000055,33,RJ,695.4,0
1317,2022,1000055,33,RJ,672.2,0
1318,2022,1000055,33,RJ,677.4,0
1319,2022,1000055,33,RJ,646.9,0
1320,2022,1000055,33,RJ,749.2,1
1321,2022,1000055,33,RJ,792.4,1
1322,2022,1000055,33,RJ,777.0,1
1323,2022,1000055,33,RJ,655.0,0
1324,2022,1000055,33,RJ,749.0,1
1325,2023,1000055,33,RJ,699.7,0
1326,2023,1000055,33,RJ,790.7,1
1327,2023,1000055,33,RJ,737.5,0
1328,2023,1000055,33,RJ,788.0,1
1329,2023,1000055,33,RJ,717.6,0
1330,2021,1000056,33,RJ,674.5,0
1331,2021,1000056,33,RJ,633.8,0
1332,2021,1000056,33,RJ,709.3,0
1333,2021,1000056,33,RJ,696.7,0
1334,2021,1000056,33,RJ,658.0,0
1335,2021,1000056,33,RJ,738.1,0
1336,2021,1000056,33,RJ,702.0,0
1337,2021,1000056,33,RJ,677.0,0
1338,2022,1000056,33,RJ,714.8,0
1339,2022,1000056,33,RJ,744.8,1
1340,2022,1000056,33,RJ,673.6,0
1341,2022,1000056,33,RJ,721.3,0
1342,2022,1000056,33,RJ,725.9,0
1343,2022,1000056,33,RJ,701.2,0
1344,2022,1000056,33,RJ,737.4,0
1345,2022,1000056,33,RJ,688.8,0
1346,2022,1000056,33,RJ,740.4,0
1347,2022,1000056,33,RJ,742.1,0
1348,2022,1000056,33,RJ,603.3,0
1349,2023,1000056,33,RJ,821.0,1
1350,2023,1000056,33,RJ,767.3,1
1351,2023,1000056,33,RJ,721.4,0
1352,2023,1000056,33,RJ,736.3,0
1353,2023,1000056,33,RJ,821.1,1
1354,2023,1000056,33,RJ,703.1,0
1355,2023,1000056,33,RJ,825.2,1
1356,2021,1000057,33,RJ,679.3,0
1357,2021,1000057,33,RJ,754.6,1
1358,2021,1000057,33,RJ,749.3,1
1359,2021,1000057,33,RJ,651.2,0
1360,2021,1000057,33,RJ,703.9,0
1361,2021,1000057,33,RJ,685.5,0
1362,2021,1000057,33,RJ,771.7,1
1363,2021,1000057,33,RJ,666.0,0
1364,2021,1000057,33,RJ,784.2,1
1365,2021,1000057,33,RJ,718.7,0
1366,2021,1000057,33,RJ,673.5,0
1367,2022,1000057,33,RJ,723.8,0
1368,2022,1000057,33,RJ,670.9,0
1369,2022,1000057,33,RJ,632.8,0
1370,2022,1000057,33,RJ,704.8,0
1371,2022,1000057,33,RJ,647.9,0
1372,2022,1000057,33,RJ,689.9,0
1373,2022,1000057,33,RJ,683.6,0
1374,2022,1000057,33,RJ,685.2,0
1375,2022,1000057,33,RJ,800.0,1
1376,2022,1000057,33,RJ,722.3,0
1377,2022,1000057,33,RJ,729.8,0
1378,2023,1000057,33,RJ,739.0,0
1379,2023,1000057,33,RJ,816.3,1
1380,2023,1000057,33,RJ,731.9,0
1381,2023,1000057,33,RJ,768.5,1
1382,2023,1000057,33,RJ,756.6,1
1383,2023,1000057,33,RJ,786.6,1
1384,2023,1000057,33,RJ,754.4,1
1385,2023,1000057,33,RJ,769.2,1
1386,2021,1000058,35,SP,729.5,0
1387,2021,1000058,35,SP,716.5,0
1388,2021,1000058,35,SP,702.8,0
1389,2021,1000058,35,SP,751.9,1
1390,2021,1000058,35,SP,710.6,0
1391,2022,1000058,35,SP,666.4,0
1392,2022,1000058,35,SP,750.8,1
1393,2022,1000058,35,SP,644.3,0
1394,2022,1000058,35,SP,728.7,0
1395,2022,1000058,35,SP,783.0,1
1396,2022,1000058,35,SP,739.5,0
1397,2022,1000058,35,SP,726.8,0
1398,2022,1000058,35,SP,697.6,0
1399,2022,1000058,35,SP,721.2,0
1400,2023,1000058,35,SP,787.9,1
1401,2023,1000058,35,SP,749.3,1
1402,2023,1000058,35,SP,747.7,1
1403,2023,1000058,35,SP,725.6,0
1404,2023,1000058,35,SP,795.6,1
1405,2021,1000059,35,SP,723.5,0
1406,2021,1000059,35,SP,735.7,0
1407,2021,1000059,35,SP,732.2,0
1408,2021,1000059,35,SP,716.3,0
1409,2021,1000059,35,SP,698.8,0
1410,2021,1000059,35,SP,808.6,1
1411,2021,1000059,35,SP,701.9,0
1412,2021,1000059,35,SP,693.4,0
1413,2021,1000059,35,SP,737.4,0
1414,2022,1000059,35,SP,716.2,0
1415,2022,1000059,35,SP,675.6,0
1416,2022,1000059,35,SP,767.6,1
1417,2022,1000059,35,SP,745.0,1
1418,2022,1000059,35,SP,669.4,0
1419,2022,1000059,35,SP,791.1,1
1420,2022,1000059,35,SP,746.4,1
1421,2022,1000059,35,SP,719.6,0
1422,2022,1000059,35,SP,783.6,1
1423,2022,1000059,35,SP,726.4,0
1424,2022,1000059,35,SP,718.9,0
1425,2023,1000059,35,SP,720.6,0
1426,2023,1000059,35,SP,688.4,0
1427,2023,1000059,35,SP,725.2,0
1428,2023,1000059,35,SP,717.2,0
1429,2023,1000059,35,SP,666.7,0
1430,2023,1000059,35,SP,661.1,0
1431,2023,1000059,35,SP,742.6,0
1432,2023,1000059,35,SP,615.9,0
1433,2023,1000059,35,SP,728.2,0
1434,2023,1000059,35,SP,700.9,0
1435,2023,1000059,35,SP,772.3,1
1436,2021,1000060,35,SP,724.5,0
1437,2021,1000060,35,SP,749.5,1
1438,2021,1000060,35,SP,701.5,0
1439,2021,1000060,35,SP,759.9,1
1440,2021,1000060,35,SP,680.3,0
1441,2022,1000060,35,SP,796.7,1
1442,2022,1000060,35,SP,689.5,0
1443,2022,1000060,35,SP,664.8,0
1444,2022,1000060,35,SP,680.2,0
1445,2022,1000060,35,SP,746.4,1
1446,2022,1000060,35,SP,739.9,0
1447,2022,1000060,35,SP,724.1,0
1448,2023,1000060,35,SP,766.4,1
1449,2023,1000060,35,SP,834.3,1
1450,2023,1000060,35,SP,734.7,0
1451,2023,1000060,35,SP,743.3,1
1452,2023,1000060,35,SP,700.3,0
1453,2023,1000060,35,SP,647.6,0
1454,2023,1000060,35,SP,695.9,0
1455,2023,1000060,35,SP,676.3,0
1456,2021,1000061,41,PR,735.2,0
1457,2021,1000061,41,PR,707.6,0
1458,2021,1000061,41,PR,713.1,0
1459,2021,1000061,41,PR,758.6,1
1460,2021,1000061,41,PR,718.7,0
1461,2021,1000061,41,PR,741.2,0
1462,2022,1000061,41,PR,640.9,0
1463,2022,1000061,41,PR,709.5,0
1464,2022,1000061,41,PR,722.3,0
1465,2022,1000061,41,PR,668.6,0
1466,2022,1000061,41,PR,718.6,0
1467,2023,1000061,41,PR,796.3,1
1468,2023,1000061,41,PR,795.5,1
1469,2023,1000061,41,PR,733.9,0
1470,2023,1000061,41,PR,786.3,1
1471,2023,1000061,41,PR,820.9,1
1472,2023,1000061,41,PR,811.1,1
1473,2023,1000061,41,PR,776.2,1
1474,2021,1000062,41,PR,727.8,0
1475,2021,1000062,41,PR,745.2,1
1476,2021,1000062,41,PR,725.3,0
1477,2021,1000062,41,PR,752.8,1
1478,2021,1000062,41,PR,723.8,0
1479,2021,1000062,41,PR,751.4,1
1480,2021,1000062,41,PR,754.8,1
1481,2021,1000062,41,PR,687.8,0
1482,2021,1000062,41,PR,647.7,0
1483,2021,1000062,41,PR,781.7,1
1484,2022,1000062,41,PR,750.9,1
1485,2022,1000062,41,PR,708.8,0
1486,2022,1000062,41,PR,699.5,0
1487,2022,1000062,41,PR,776.0,1
1488,2022,1000062,41,PR,678.1,0
1489,2022,1000062,41,PR,688.1,0
1490,2022,1000062,41,PR,728.5,0
1491,2022,1000062,41,PR,735.6,0
1492,2022,1000062,41,PR,739.9,0
1493,2023,1000062,41,PR,769.6,1
1494,2023,1000062,41,PR,782.5,1
1495,2023,1000062,41,PR,784.3,1
1496,2023,1000062,41,PR,788.6,1
1497,2023,1000062,41,PR,810.9,1
1498,2023,1000062,41,PR,802.2,1
1499,2023,1000062,41,PR,781.8,1
1500,2021,1000063,41,PR,727.7,0
1501,2021,1000063,41,PR,808.3,1
1502,2021,1000063,41,PR,699.0,0
1503,2021,1000063,41,PR,736.9,0
1504,2021,1000063,41,PR,762.7,1
1505,2021,1000063,41,PR,723.9,0
1506,2021,1000063,41,PR,813.5,1
1507,2021,1000063,41,PR,704.9,0
1508,2022,1000063,41,PR,790.0,1
1509,2022,1000063,41,PR,813.9,1
1510,2022,1000063,41,PR,792.8,1
1511,2022,1000063,41,PR,830.4,1
1512,2022,1000063,41,PR,776.2,1
1513,2023,1000063,41,PR,751.2,1
1514,2023,1000063,41,PR,752.2,1
1515,2023,1000063,41,PR,742.3,0
1516,2023,1000063,41,PR,817.5,1
1517,2023,1000063,41,PR,765.4,1
1518,2023,1000063,41,PR,785.1,1
1519,2023,1000063,41,PR,777.5,1
1520,2023,1000063,41,PR,809.3,1
1521,2021,1000064,42,SC,744.0,1
1522,2021,1000064,42,SC,733.3,0
1523,2021,1000064,42,SC,687.6,0
1524,2021,1000064,42,SC,747.1,1
1525,2021,1000064,42,SC,690.2,0
1526,2021,1000064,42,SC,699.1,0
1527,2021,1000064,42,SC,682.2,0
1528,2021,1000064,42,SC,772.0,1
1529,2021,1000064,42,SC,745.3,1
1530,2021,1000064,42,SC,744.2,1
1531,2021,1000064,42,SC,769.9,1
1532,2022,1000064,42,SC,755.4,1
1533,2022,1000064,42,SC,746.0,1
1534,2022,1000064,42,SC,736.9,0
1535,2022,1000064,42,SC,768.0,1
1536,2022,1000064,42,SC,731.3,0
1537,2022,1000064,42,SC,793.4,1
1538,2022,1000064,42,SC,782.1,1
1539,2022,1000064,42,SC,799.2,1
1540,2022,1000064,42,SC,800.3,1
1541,2022,1000064,42,SC,804.1,1
1542,2022,1000064,42,SC,765.1,1
1543,2023,1000064,42,SC,739.9,0
1544,2023,1000064,42,SC,710.4,0
1545,2023,1000064,42,SC,780.7,1
1546,2023,1000064,42,SC,775.1,1
1547,2023,1000064,42,SC,761.3,1
1548,2021,1000065,42,SC,682.8,0
1549,2021,1000065,42,SC,680.0,0
1550,2021,1000065,42,SC,721.5,0
1551,2021,1000065,42,SC,726.9,0
1552,2021,1000065,42,SC,645.7,0
1553,2021,1000065,42,SC,712.8,0
1554,2021,1000065,42,SC,720.6,0
1555,2022,1000065,42,SC,712.9,0
1556,2022,1000065,42,SC,723.6,0
1557,2022,1000065,42,SC,744.2,1
1558,2022,1000065,42,SC,763.2,1
1559,2022,1000065,42,SC,708.2,0
1560,2022,1000065,42,SC,701.8,0
1561,2022,1000065,42,SC,737.5,0
1562,2022,1000065,42,SC,744.4,1
1563,2023,1000065,42,SC,831.7,1
1564,2023,1000065,42,SC,851.1,1
1565,2023,1000065,42,SC,745.3,1
1566,2023,1000065,42,SC,780.6,1
1567,2023,1000065,42,SC,780.5,1
1568,2023,1000065,42,SC,776.1,1
1569,2023,1000065,42,SC,754.0,1
1570,2023,1000065,42,SC,720.6,0
1571,2023,1000065,42,SC,783.7,1
1572,2023,1000065,42,SC,749.3,1
1573,2023,1000065,42,SC,783.4,1
1574,2021,1000066,42,SC,786.0,1
1575,2021,1000066,42,SC,803.2,1
1576,2021,1000066,42,SC,867.4,1
1577,2021,1000066,42,SC,791.1,1
1578,2021,1000066,42,SC,799.4,1
1579,2022,1000066,42,SC,683.1,0
1580,2022,1000066,42,SC,678.2,0
1581,2022,1000066,42,SC,718.4,0
1582,2022,1000066,42,SC,716.4,0
1583,2022,1000066,42,SC,683.9,0
1584,2022,1000066,42,SC,707.8,0
1585,2022,1000066,42,SC,769.2,1
1586,2022,1000066,42,SC,687.8,0
1587,2022,1000066,42,SC,664.3,0
1588,2023,1000066,42,SC,716.7,0
1589,2023,1000066,42,SC,750.2,1
1590,2023,1000066,42,SC,777.8,1
1591,2023,1000066,42,SC,826.6,1
1592,2023,1000066,42,SC,738.5,0
1593,2021,1000067,43,RS,761.4,1
1594,2021,1000067,43,RS,672.7,0
1595,2021,1000067,43,RS,733.3,0
1596,2021,1000067,43,RS,729.9,0
1597,2021,1000067,43,RS,763.4,1
1598,2021,1000067,43,RS,742.0,0
1599,2021,1000067,43,RS,624.9,0
1600,2021,1000067,43,RS,688.6,0
1601,2022,1000067,43,RS,751.6,1
1602,2022,1000067,43,RS,744.3,1
1603,2022,1000067,43,RS,711.4,0
1604,2022,1000067,43,RS,646.1,0
1605,2022,1000067,43,RS,701.8,0
1606,2022,1000067,43,RS,736.7,0
1607,2022,1000067,43,RS,676.4,0
1608,2023,1000067,43,RS,597.4,0
1609,2023,1000067,43,RS,668.9,0
1610,2023,1000067,43,RS,795.4,1
1611,2023,1000067,43,RS,698.1,0
1612,2023,1000067,43,RS,640.6,0
1613,2023,1000067,43,RS,769.4,1
1614,2021,1000068,43,RS,738.3,0
1615,2021,1000068,43,RS,734.5,0
1616,2021,1000068,43,RS,747.9,1
1617,2021,1000068,43,RS,811.1,1
1618,2021,1000068,43,RS,758.8,1
1619,2022,1000068,43,RS,768.1,1
1620,2022,1000068,43,RS,702.9,0
1621,2022,1000068,43,RS,766.6,1
1622,2022,1000068,43,RS,757.1,1
1623,2022,1000068,43,RS,822.9,1
1624,2023,1000068,43,RS,760.4,1
1625,2023,1000068,43,RS,744.4,1
1626,2023,1000068,43,RS,669.5,0
1627,2023,1000068,43,RS,762.6,1
1628,2023,1000068,43,RS,794.8,1
1629,2021,1000069,43,RS,771.6,1
1630,2021,1000069,43,RS,730.5,0
1631,2021,1000069,43,RS,753.1,1
1632,2021,1000069,43,RS,731.2,0
1633,2021,1000069,43,RS,774.8,1
1634,2021,1000069,43,RS,722.2,0
1635,2021,1000069,43,RS,739.8,0
1636,2021,1000069,43,RS,734.7,0
1637,2022,1000069,43,RS,709.2,0
1638,2022,1000069,43,RS,736.8,0
1639,2022,1000069,43,RS,770.3,1
1640,2022,1000069,43,RS,765.6,1
1641,2022,1000069,43,RS,720.5,0
1642,2022,1000069,43,RS,624.7,0
1643,2022,1000069,43,RS,740.7,0
1644,2023,1000069,43,RS,820.0,1
1645,2023,1000069,43,RS,743.9,1
1646,2023,1000069,43,RS,717.9,0
1647,2023,1000069,43,RS,790.4,1
1648,2023,1000069,43,RS,778.7,1
1649,2021,1000070,50,MS,753.4,1
1650,2021,1000070,50,MS,762.0,1
1651,2021,1000070,50,MS,753.8,1
1652,2021,1000070,50,MS,779.2,1
1653,2021,1000070,50,MS,712.4,0
1654,2021,1000070,50,MS,637.8,0
1655,2021,1000070,50,MS,712.5,0
1656,2021,1000070,50,MS,752.5,1
1657,2021,1000070,50,MS,681.2,0
1658,2021,1000070,50,MS,712.9,0
1659,2021,1000070,50,MS,692.3,0
1660,2022,1000070,50,MS,744.9,1
1661,2022,1000070,50,MS,718.5,0
1662,2022,1000070,50,MS,727.9,0
1663,2022,1000070,50,MS,672.6,0
1664,2022,1000070,50,MS,632.5,0
1665,2022,1000070,50,MS,726.0,0
1666,2022,1000070,50,MS,733.0,0
1667,2022,1000070,50,MS,768.4,1
1668,2022,1000070,50,MS,782.9,1
1669,2023,1000070,50,MS,799.2,1
1670,2023,1000070,50,MS,881.3,1
1671,2023,1000070,50,MS,839.2,1
1672,2023,1000070,50,MS,824.8,1
1673,2023,1000070,50,MS,764.5,1
1674,2023,1000070,50,MS,744.7,1
1675,2023,1000070,50,MS,811.6,1
1676,2021,1000071,50,MS,783.7,1
1677,2021,1000071,50,MS,705.8,0
1678,2021,1000071,50,MS,622.4,0
1679,2021,1000071,50,MS,740.2,0
1680,2021,1000071,50,MS,692.0,0
1681,2021,1000071,50,MS,721.7,0
1682,2021,1000071,50,MS,716.5,0
1683,2021,1000071,50,MS,709.1,0
1684,2021,1000071,50,MS,751.6,1
1685,2021,1000071,50,MS,658.7,0
1686,2022,1000071,50,MS,715.6,0
1687,2022,1000071,50,MS,806.7,1
1688,2022,1000071,50,MS,824.9,1
1689,2022,1000071,50,MS,778.2,1
1690,2022,1000071,50,MS,701.6,0
1691,2022,1000071,50,MS,808.2,1
1692,2022,1000071,50,MS,713.6,0
1693,2022,1000071,50,MS,792.4,1
1694,2022,1000071,50,MS,744.5,1
1695,2022,1000071,50,MS,733.6,0
1696,2022,1000071,50,MS,762.3,1
1697,2023,1000071,50,MS,762.2,1
1698,2023,1000071,50,MS,819.2,1
1699,2023,1000071,50,MS,791.2,1
1700,2023,1000071,50,MS,752.1,1
1701,2023,1000071,50,MS,745.4,1
1702,2023,1000071,50,MS,714.1,0
1703,2023,1000071,50,MS,791.6,1
1704,2023,1000071,50,MS,765.8,1
1705,2023,1000071,50,MS,685.1,0
1706,2021,1000072,50,MS,651.9,0
1707,2021,1000072,50,MS,662.3,0
1708,2021,1000072,50,MS,764.4,1
1709,2021,1000072,50,MS,774.3,1
1710,2021,1000072,50,MS,690.2,0
1711,2021,1000072,50,MS,694.7,0
1712,2021,1000072,50,MS,744.6,1
1713,2021,1000072,50,MS,626.9,0
1714,2021,1000072,50,MS,645.6,0
1715,2022,1000072,50,MS,724.0,0
1716,2022,1000072,50,MS,765.4,1
1717,2022,1000072,50,MS,804.3,1
1718,2022,1000072,50,MS,696.9,0
1719,2022,1000072,50,MS,719.3,0
1720,2023,1000072,50,MS,679.3,0
1721,2023,1000072,50,MS,724.1,0
1722,2023,1000072,50,MS,710.3,0
1723,2023,1000072,50,MS,681.7,0
1724,2023,1000072,50,MS,680.7,0
1725,2023,1000072,50,MS,731.1,0
1726,2023,1000072,50,MS,759.8,1
1727,2021,1000073,51,MT,741.1,0
1728,2021,1000073,51,MT,809.6,1
1729,2021,1000073,51,MT,812.8,1
1730,2021,1000073,51,MT,884.1,1
1731,2021,1000073,51,MT,765.0,1
1732,2021,1000073,51,MT,761.7,1
1733,2021,1000073,51,MT,810.8,1
1734,2021,1000073,51,MT,812.8,1
1735,2022,1000073,51,MT,686.9,0
1736,2022,1000073,51,MT,703.6,0
1737,2022,1000073,51,MT,723.6,0
1738,2022,1000073,51,MT,759.8,1
1739,2022,1000073,51,MT,695.8,0
1740,2022,1000073,51,MT,646.3,0
1741,2022,1000073,51,MT,643.3,0
1742,2022,1000073,51,MT,669.6,0
1743,2022,1000073,51,MT,667.5,0
1744,2022,1000073,51,MT,713.8,0
1745,2022,1000073,51,MT,672.4,0
1746,2023,1000073,51,MT,832.9,1
1747,2023,1000073,51,MT,806.5,1
1748,2023,1000073,51,MT,780.6,1
1749,2023,1000073,51,MT,761.6,1
1750,2023,1000073,51,MT,762.7,1
1751,2023,1000073,51,MT,793.1,1
1752,2021,1000074,51,MT,698.7,0
1753,2021,1000074,51,MT,788.5,1
1754,2021,1000074,51,MT,810.5,1
1755,2021,1000074,51,MT,768.8,1
1756,2021,1000074,51,MT,852.7,1
1757,2021,1000074,51,MT,744.8,1
1758,2021,1000074,51,MT,788.7,1
1759,2021,1000074,51,MT,778.6,1
1760,2021,1000074,51,MT,776.0,1
1761,2022,1000074,51,MT,775.1,1
1762,2022,1000074,51,MT,719.9,0
1763,2022,1000074,51,MT,752.6,1
1764,2022,1000074,51,MT,691.9,0
1765,2022,1000074,51,MT,750.6,1
1766,2022,1000074,51,MT,689.5,0
1767,2022,1000074,51,MT,763.6,1
1768,2022,1000074,51,MT,808.4,1
1769,2023,1000074,51,MT,829.3,1
1770,2023,1000074,51,MT,802.1,1
1771,2023,1000074,51,MT,790.0,1
1772,2023,1000074,51,MT,820.3,1
1773,2023,1000074,51,MT,799.4,1
1774,2023,1000074,51,MT,828.7,1
1775,2021,1000075,51,MT,756.2,1
1776,2021,1000075,51,MT,707.7,0
1777,2021,1000075,51,MT,695.9,0
1778,2021,1000075,51,MT,788.3,1
1779,2021,1000075,51,MT,728.6,0
1780,2021,1000075,51,MT,752.2,1
1781,2021,1000075,51,MT,724.9,0
1782,2021,1000075,51,MT,696.5,0
1783,2022,1000075,51,MT,711.5,0
1784,2022,1000075,51,MT,771.4,1
1785,2022,1000075,51,MT,851.3,1
1786,2022,1000075,51,MT,771.4,1
1787,2022,1000075,51,MT,708.0,0
1788,2022,1000075,51,MT,855.7,1
1789,2022,1000075,51,MT,807.3,1
1790,2022,1000075,51,MT,777.2,1
1791,2023,1000075,51,MT,825.9,1
1792,2023,1000075,51,MT,801.7,1
1793,2023,1000075,51,MT,789.8,1
1794,2023,1000075,51,MT,785.8,1
1795,2023,1000075,51,MT,773.0,1
1796,2023,1000075,51,MT,821.8,1
1797,2021,1000076,52,GO,745.2,1
1798,2021,1000076,52,GO,739.2,0
1799,2021,1000076,52,GO,736.3,0
1800,2021,1000076,52,GO,707.2,0
1801,2021,1000076,52,GO,751.5,1
1802,2021,1000076,52,GO,718.2,0
1803,2021,1000076,52,GO,700.5,0
1804,2022,1000076,52,GO,740.0,0
1805,2022,1000076,52,GO,652.8,0
1806,2022,1000076,52,GO,715.7,0
1807,2022,1000076,52,GO,702.7,0
1808,2022,1000076,52,GO,636.6,0
1809,2022,1000076,52,GO,735.6,0
1810,2023,1000076,52,GO,837.4,1
1811,2023,1000076,52,GO,839.6,1
1812,2023,1000076,52,GO,794.4,1
1813,2023,1000076,52,GO,781.8,1
1814,2023,1000076,52,GO,833.1,1
1815,2023,1000076,52,GO,847.3,1
1816,2021,1000077,52,GO,737.6,0
1817,2021,1000077,52,GO,647.6,0
1818,2021,1000077,52,GO,738.8,0
1819,2021,1000077,52,GO,810.9,1
1820,2021,1000077,52,GO,745.6,1
1821,2021,1000077,52,GO,778.9,1
1822,2021,1000077,52,GO,727.3,0
1823,2022,1000077,52,GO,741.4,0
1824,2022,1000077,52,GO,830.7,1
1825,2022,1000077,52,GO,834.9,1
1826,2022,1000077,52,GO,740.4,0
1827,2022,1000077,52,GO,818.7,1
1828,2022,1000077,52,GO,776.5,1
1829,2022,1000077,52,GO,793.6,1
1830,2022,1000077,52,GO,798.4,1
1831,2023,1000077,52,GO,792.4,1
1832,2023,1000077,52,GO,805.0,1
1833,2023,1000077,52,GO,746.7,1
1834,2023,1000077,52,GO,866.3,1
1835,2023,1000077,52,GO,798.8,1
1836,2023,1000077,52,GO,808.5,1
1837,2023,1000077,52,GO,715.7,0
1838,2023,1000077,52,GO,747.1,1
1839,2023,1000077,52,GO,829.5,1
1840,2023,1000077,52,GO,791.5,1
1841,2021,1000078,52,GO,776.5,1
1842,2021,1000078,52,GO,716.5,0
1843,2021,1000078,52,GO,728.2,0
1844,2021,1000078,52,GO,767.2,1
1845,2021,1000078,52,GO,684.1,0
1846,2021,1000078,52,GO,680.3,0
1847,2022,1000078,52,GO,653.3,0
1848,2022,1000078,52,GO,752.9,1
1849,2022,1000078,52,GO,695.9,0
1850,2022,1000078,52,GO,704.3,0
1851,2022,1000078,52,GO,645.7,0
1852,2022,1000078,52,GO,692.8,0
1853,2022,1000078,52,GO,719.7,0
1854,2022,1000078,52,GO,757.2,1
1855,2022,1000078,52,GO,689.2,0
1856,2023,1000078,52,GO,841.5,1
1857,2023,1000078,52,GO,788.5,1
1858,2023,1000078,52,GO,757.9,1
1859,2023,1000078,52,GO,773.8,1
1860,2023,1000078,52,GO,834.1,1
1861,2023,1000078,52,GO,838.6,1
1862,2023,1000078,52,GO,747.3,1
1863,2023,1000078,52,GO,778.3,1
1864,2023,1000078,52,GO,783.6,1
1865,2023,1000078,52,GO,740.6,0
1866,2021,1000079,53,DF,768.3,1
1867,2021,1000079,53,DF,706.8,0
1868,2021,1000079,53,DF,711.4,0
1869,2021,1000079,53,DF,746.6,1
1870,2021,1000079,53,DF,696.6,0
1871,2021,1000079,53,DF,743.5,1
1872,2021,1000079,53,DF,716.5,0
1873,2021,1000079,53,DF,681.2,0
1874,2021,1000079,53,DF,681.7,0
1875,2021,1000079,53,DF,777.9,1
1876,2021,1000079,53,DF,713.7,0
1877,2022,1000079,53,DF,815.7,1
1878,2022,1000079,53,DF,677.7,0
1879,2022,1000079,53,DF,644.1,0
1880,2022,1000079,53,DF,771.5,1
1881,2022,1000079,53,DF,686.9,0
1882,2022,1000079,53,DF,719.2,0
1883,2022,1000079,53,DF,696.6,0
1884,2022,1000079,53,DF,730.7,0
1885,2022,1000079,53,DF,682.0,0
1886,2023,1000079,53,DF,752.0,1
1887,2023,1000079,53,DF,766.1,1
1888,2023,1000079,53,DF,722.8,0
1889,2023,1000079,53,DF,763.1,1
1890,2023,1000079,53,DF,784.8,1
1891,2023,1000079,53,DF,764.0,1
1892,2023,1000079,53,DF,769.1,1
1893,2021,1000080,53,DF,777.4,1
1894,2021,1000080,53,DF,701.4,0
1895,2021,1000080,53,DF,739.4,0
1896,2021,1000080,53,DF,710.4,0
1897,2021,1000080,53,DF,734.6,0
1898,2021,1000080,53,DF,782.6,1
1899,2021,1000080,53,DF,740.3,0
1900,2021,1000080,53,DF,649.1,0
1901,2022,1000080,53,DF,759.8,1
1902,2022,1000080,53,DF,692.4,0
1903,2022,1000080,53,DF,660.6,0
1904,2022,1000080,53,DF,725.6,0
1905,2022,1000080,53,DF,649.7,0
1906,2022,1000080,53,DF,710.4,0
1907,2022,1000080,53,DF,771.5,1
1908,2022,1000080,53,DF,643.6,0
1909,2022,1000080,53,DF,668.8,0
1910,2022,1000080,53,DF,678.7,0
1911,2023,1000080,53,DF,818.2,1
1912,2023,1000080,53,DF,799.8,1
1913,2023,1000080,53,DF,785.8,1
1914,2023,1000080,53,DF,795.7,1
1915,2023,1000080,53,DF,745.5,1
1916,2023,1000080,53,DF,814.3,1
1917,2023,1000080,53,DF,735.5,0
1918,2023,1000080,53,DF,813.4,1
1919,2023,1000080,53,DF,827.4,1
1920,2023,1000080,53,DF,788.4,1
1921,2023,1000080,53,DF,773.0,1
1922,2021,1000081,53,DF,775.5,1
1923,2021,1000081,53,DF,778.0,1
1924,2021,1000081,53,DF,808.3,1
1925,2021,1000081,53,DF,777.0,1
1926,2021,1000081,53,DF,734.4,0
1927,2021,1000081,53,DF,774.3,1
1928,2022,1000081,53,DF,761.6,1
1929,2022,1000081,53,DF,676.6,0
1930,2022,1000081,53,DF,727.0,0
1931,2022,1000081,53,DF,771.6,1
1932,2022,1000081,53,DF,650.6,0
1933,2023,1000081,53,DF,743.8,1
1934,2023,1000081,53,DF,773.2,1
1935,2023,1000081,53,DF,853.7,1
1936,2023,1000081,53,DF,729.4,0
1937,2023,1000081,53,DF,733.2,0
1938,2023,1000081,53,DF,727.9,0
1939,2023,1000081,53,DF,849.1,1
1940,2023,1000081,53,DF,761.5,1
